contig_id,gc_content
cefmock_NODE_2757,44.1897233201581
cef630_NODE_270,56.57025400088093
strepmock_NODE_9060,50.39936102236422
