contig_id,gc_content
gf_NODE_1298,45.99393676916414
strepmock_NODE_4960,46.42419288925215
cefmock_NODE_2757,44.1897233201581
strep630_NODE_11363,46.364769422517654
cefmock_NODE_3040,46.2089300758214
clinmock_NODE_4406,46.252129471890974
